<?xml version="1.0" encoding="UTF-8"?><?xml-stylesheet type='text/xsl' href='_UpgradeReport_Files/UpgradeReport.xslt'?><UpgradeLog>
<Properties><Property Name="Solution" Value="GasPricesSolution">
</Property><Property Name="Solution File" Value="E:\150034-Bradley\Chapter 8\GasPricesSolution\GasPricesSolution.sln">
</Property><Property Name="User Options File" Value="E:\150034-Bradley\Chapter 8\GasPricesSolution\GasPricesSolution.suo">
</Property><Property Name="Date" Value="Wednesday, November 10, 2010">
</Property><Property Name="Time" Value="12:28 PM">
</Property></Properties><Event ErrorLevel="0" Project="" Source="GasPricesSolution.sln" Description="File successfully backed up as E:\150034-Bradley\Chapter 8\GasPricesSolution\Backup\GasPricesSolution.sln">
</Event><Event ErrorLevel="0" Project="" Source="GasPricesSolution.suo" Description="File successfully backed up as E:\150034-Bradley\Chapter 8\GasPricesSolution\Backup\GasPricesSolution.suo">
</Event><Event ErrorLevel="0" Project="GasPricesProject" Source="GasPricesProject\GasPricesProject.vbproj" Description="Project file successfully backed up as E:\150034-Bradley\Chapter 8\GasPricesSolution\Backup\GasPricesProject\GasPricesProject.vbproj">
</Event><Event ErrorLevel="0" Project="GasPricesProject" Source="GasPricesProject\MainForm.vb" Description="File successfully backed up as E:\150034-Bradley\Chapter 8\GasPricesSolution\Backup\GasPricesProject\MainForm.vb">
</Event><Event ErrorLevel="0" Project="GasPricesProject" Source="GasPricesProject\MainForm.Designer.vb" Description="File successfully backed up as E:\150034-Bradley\Chapter 8\GasPricesSolution\Backup\GasPricesProject\MainForm.Designer.vb">
</Event><Event ErrorLevel="0" Project="GasPricesProject" Source="GasPricesProject\My Project\AssemblyInfo.vb" Description="File successfully backed up as E:\150034-Bradley\Chapter 8\GasPricesSolution\Backup\GasPricesProject\My Project\AssemblyInfo.vb">
</Event><Event ErrorLevel="0" Project="GasPricesProject" Source="GasPricesProject\My Project\Application.Designer.vb" Description="File successfully backed up as E:\150034-Bradley\Chapter 8\GasPricesSolution\Backup\GasPricesProject\My Project\Application.Designer.vb">
</Event><Event ErrorLevel="0" Project="GasPricesProject" Source="GasPricesProject\My Project\Resources.Designer.vb" Description="File successfully backed up as E:\150034-Bradley\Chapter 8\GasPricesSolution\Backup\GasPricesProject\My Project\Resources.Designer.vb">
</Event><Event ErrorLevel="0" Project="GasPricesProject" Source="GasPricesProject\My Project\Settings.Designer.vb" Description="File successfully backed up as E:\150034-Bradley\Chapter 8\GasPricesSolution\Backup\GasPricesProject\My Project\Settings.Designer.vb">
</Event><Event ErrorLevel="0" Project="GasPricesProject" Source="GasPricesProject\My Project\Application.myapp" Description="File successfully backed up as E:\150034-Bradley\Chapter 8\GasPricesSolution\Backup\GasPricesProject\My Project\Application.myapp">
</Event><Event ErrorLevel="0" Project="GasPricesProject" Source="GasPricesProject\My Project\Settings.settings" Description="File successfully backed up as E:\150034-Bradley\Chapter 8\GasPricesSolution\Backup\GasPricesProject\My Project\Settings.settings">
</Event><Event ErrorLevel="0" Project="GasPricesProject" Source="GasPricesProject\MainForm.resx" Description="File successfully backed up as E:\150034-Bradley\Chapter 8\GasPricesSolution\Backup\GasPricesProject\MainForm.resx">
</Event><Event ErrorLevel="0" Project="GasPricesProject" Source="GasPricesProject\My Project\Resources.resx" Description="File successfully backed up as E:\150034-Bradley\Chapter 8\GasPricesSolution\Backup\GasPricesProject\My Project\Resources.resx">
</Event><Event ErrorLevel="0" Project="GasPricesProject" Source="GasPricesProject\GasPricesProject.vbproj" Description="Project converted successfully">
</Event><Event ErrorLevel="3" Project="GasPricesProject" Source="GasPricesProject\GasPricesProject.vbproj" Description="Converted">
</Event><Event ErrorLevel="0" Project="" Source="GasPricesSolution.sln" Description="Solution converted successfully">
</Event><Event ErrorLevel="3" Project="" Source="GasPricesSolution.sln" Description="Converted">
</Event><Event ErrorLevel="0" Project="GasPricesProject" Source="GasPricesProject\GasPricesProject.vbproj" Description="Scan complete: Upgrade not required for project files.">
</Event></UpgradeLog>